{
  "logoText" : "",
  "generic" : {
    "primaryFields" : [
      {
        "key" : "event",
        "label" : "EVENT",
        "value" : "FUTRXPO Day Pass"
      }
    ]
  },
  "passTypeIdentifier" : "pass.com.aldo.passmaker",
  "foregroundColor" : "rgb(255, 255, 255)",
  "backgroundColor" : "rgb(0, 153, 204)",
  "organizationName" : "FUTRXPO",
  "description" : "FUTRXPO Day Pass",
  "barcode" : {
    "format" : "PKBarcodeFormatQR",
    "messageEncoding" : "iso-8859-1",
    "message" : "816248298913404264539001"
  },
  "formatVersion" : 1,
  "serialNumber" : "A1B2C3D4E5",
  "teamIdentifier" : "FT497LW97Z"
}